,Source,SS,DF,MS,F,p-unc,np2
0,LMN_group,2.2759569301706155,1.0,2.2759569301706155,0.25063749193044615,0.6205392369863891,0.008871923403570578
1,ipsi_contra,4.9725068935274646,1.0,4.9725068935274646,0.5475923730714668,0.4654629887639151,0.01918173574553358
2,LMN_group * ipsi_contra,9.618492553416674,1.0,9.618492553416674,1.059226920238472,0.31220052852913455,0.03645062283128968
3,Residual,254.25882438395092,28.0,9.08067229942682,,,
