,W,pval,equal_var
levene,0.10851390234773654,0.7441313676450345,True
