LMN_group,W,pval,normal
LMN_hit,0.8904862999916077,0.11955352127552032,True
LMN_adjacent,0.9340865612030029,0.18500742316246033,True
