,W,pval,equal_var
levene,0.6274064357379888,0.43452722684710443,True
