ipsi_contra,W,pval,normal
SGN_contra_to_LMN_avg_count,0.9774996638298035,0.940635085105896,True
SGN_ipsi_to_LMN_avg_count,0.8560408353805542,0.016739407554268837,False
