,W,pval,equal_var
levene,10.07428402481608,0.00408990519132895,False
