,W,pval,equal_var
levene,2.9822243753815556,0.0970346226325549,True
