DTN_group,W,pval,normal
DTN_adjacent,0.7893433570861816,0.0036958029959350824,False
DTN_hit,0.8492347002029419,0.035923246294260025,False
