ipsi_contra,W,pval,normal
SGN_contra_to_DTN_avg_count,0.864212155342102,0.043796226382255554,False
SGN_ipsi_to_DTN_avg_count,0.6613346338272095,0.00023386637622024864,False
