DTN_group,W,pval,normal
DTN_hit,0.8495941162109375,0.057446736842393875,True
DTN_adjacent,0.7580758333206177,0.004475821740925312,False
