,W,pval,equal_var
levene,2.2275944749995316,0.1528849518671251,True
