ipsi_contra,W,pval,normal
SGN_contra_to_DTN_avg_count,0.8525590300559998,0.0623035654425621,True
SGN_ipsi_to_DTN_avg_count,0.7281898260116577,0.001936889486387372,False
