,W,pval,equal_var
levene,9.64415280801005,0.0061053634131367305,False
